Name,email,phone_no,address,gender,age,no-of-orders,spent_in_week,job,website,annual_income,KMean_clusters
Joseph Rice,josephrice131@slingacademy.com,8568697744,"91773 Miller Shoal
Diaztown, FL 38841",male,29,8,415,Accountant,goPuff,61703,0
Gary Moore,garymoore386@slingacademy.com,8894334342,"6450 John Lodge
Territon, KY 95945",male,31,9,453,Accountant,UberEats,63788,0
John Walker,johnwalker944@slingacademy.com,9546779749,"27265 Murray Island
Kevinfort, PA 63231",male,18,9,462,Accountant,Grubhub,63306,0
Eric Carter,ericcarter176@slingacademy.com,8646218619,"USNS Knight
FPO AA 76532",male,38,11,544,Accountant,Grubhub,66894,0
William Jackson,williamjackson427@slingacademy.com,6894694791,"170 Jackson Loaf
Kristenland, AS 48876",male,58,11,545,Accountant,Grubhub,67950,0
Nicole Jones,nicolejones228@slingacademy.com,8602272975,"14354 Baker Harbor Apt. 017
Ericville, HI 11192",female,33,11,599,Accountant,goPuff,62696,0
David Davis,daviddavis980@slingacademy.com,8857137771,"021 Katherine Mall
Jameston, DC 24685",male,59,12,605,Accountant,goPuff,66413,0
Jason Montgomery,jasonmontgomery889@slingacademy.com,7114359069,"14657 Scott Loop Apt. 735
Port Ashley, NH 34470",male,28,13,668,Accountant,goPuff,57393,3
Kent Weaver,kentweaver695@slingacademy.com,6435074872,"6644 Mitchell Burg
Victorhaven, KS 66356",male,38,17,816,Architect,goPuff,100929,0
Darrell Dillon,darrelldillon573@slingacademy.com,9930528232,"PSC 7267, Box 9911
APO AE 49343",male,50,17,864,Architect,Grubhub,132448,2
Jacqueline Wang,jacquelinewang322@slingacademy.com,9919198566,"16963 Stewart Curve Suite 279
South Cameron, ND 25136",female,48,18,911,Architect,UberEats,87048,0
Jodi Gonzalez,jodigonzalez185@slingacademy.com,6570215835,"378 Johnson Oval
South Stacie, RI 76332",female,25,18,922,Architect,UberEats,133375,2
Omar Martin,omarmartin769@slingacademy.com,7858129165,"Unit 9103 Box 4771
DPO AA 16592",male,41,18,932,Architect,ChowNow,118232,2
Nicole Lara,nicolelara473@slingacademy.com,6747223894,"9822 Lisa Courts
Johnhaven, IL 80438",female,30,19,941,Architect,UberEats,120382,2
Jason Brown,jasonbrown753@slingacademy.com,6146577478,"7310 Romero Summit
East Scotttown, DC 53183",male,27,12,631,Artist,ChowNow,120692,2
David Benson,davidbenson257@slingacademy.com,6737497156,"444 Derek Summit
Lisaborough, WA 20685",male,39,12,661,Artist,Grubhub,110587,2
Kimberly Mora,kimberlymora513@slingacademy.com,7223237180,"7679 Perry Square
West Amybury, RI 15144",female,43,15,781,Artist,goPuff,117093,2
Erik Macias,erikmacias904@slingacademy.com,8665560086,"568 Christopher Tunnel
Toddburgh, DE 86966",male,28,16,801,Artist,ChowNow,81144,0
James Johnson,jamesjohnson681@slingacademy.com,8442406123,"19870 Sean Parkway
North Jamesfurt, NC 28950",male,32,17,834,Artist,goPuff,134160,2
Derek Peterson,derekpeterson324@slingacademy.com,9807876223,"70830 Jonathan Pine
Wilcoxburgh, MI 38265",male,39,17,852,Artist,goPuff,83349,0
Diane Henson,dianehenson438@slingacademy.com,7889449035,"86382 Baker Ports Apt. 074
Cookfurt, NM 54313",female,32,17,872,Artist,Grubhub,87374,0
Cody Lyons,codylyons721@slingacademy.com,6641625507,"60971 Carrillo Square Suite 141
New Kimberlybury, AS 02128",male,31,18,882,Artist,Grubhub,105388,2
Margaret Hardy,margarethardy249@slingacademy.com,7410698752,"2900 Sandra Villages Apt. 985
Phillipsstad, NH 19830",female,29,18,893,Artist,goPuff,133284,2
Arthur Hayes,arthurhayes881@slingacademy.com,9873404898,"353 Elizabeth Forest
Deannachester, NM 66952",male,30,18,936,Artist,goPuff,86377,0
Raymond Taylor,raymondtaylor702@slingacademy.com,6347461844,"07867 John Mills Apt. 985
Tinaville, ID 59142",male,32,4,179,Athlete,Grubhub,42433,3
Tina Moore,tinamoore476@slingacademy.com,8806093396,"50984 Shelly Pass
Port Nicholas, SC 48629",female,42,4,180,Athlete,goPuff,40140,3
Kylie White,kyliewhite170@slingacademy.com,6964043435,"5004 Christine Falls Suite 217
Jasonburgh, NJ 75688",female,44,4,219,Athlete,goPuff,45604,3
Jonathan Manning,jonathanmanning648@slingacademy.com,9158401412,"1501 Gregory Glens Suite 940
Stephensstad, GU 55206",male,30,4,241,Athlete,goPuff,50229,3
Angela Bryant,angelabryant256@slingacademy.com,9407656280,"01454 Christopher Turnpike
North Ryanstad, MI 36226",female,29,5,249,Athlete,Grubhub,45621,3
Michael Mann,michaelmann973@slingacademy.com,7751469800,"93144 Martinez Turnpike
East Maryhaven, MD 06798",male,23,5,283,Athlete,goPuff,46451,3
Craig Myers,craigmyers395@slingacademy.com,7175061500,"248 Koch Harbor
Jonathanhaven, AL 29645",male,27,5,297,Athlete,ChowNow,42504,3
Tiffany Carter,tiffanycarter997@slingacademy.com,9542529021,"PSC 9395, Box 0886
APO AE 29897",female,47,5,302,Athlete,Grubhub,41212,3
Erica Owens,ericaowens827@slingacademy.com,6273818818,"PSC 3509, Box 5359
APO AP 47664",female,33,6,302,Athlete,ChowNow,40183,3
Patricia Parker,patriciaparker125@slingacademy.com,9166563175,"69076 James Lights
Jeremyton, ID 40460",female,42,6,317,Athlete,UberEats,50453,3
Brian Palmer,brianpalmer348@slingacademy.com,9015005130,"USNV Smith
FPO AP 16161",male,47,6,319,Athlete,UberEats,47968,3
Melissa Smith,melissasmith381@slingacademy.com,6664210359,"24619 David Drive
New Davidmouth, TX 88651",female,24,6,312,Baker,ChowNow,56277,3
Connor Adams,connoradams384@slingacademy.com,8202200415,"997 Jessica Locks
Josephshire, NC 76033",male,24,6,325,Baker,UberEats,60563,0
Michael Williams,michaelwilliams977@slingacademy.com,7760607490,"72249 Maria Summit Suite 055
East Danielton, MP 13831",male,29,7,376,Baker,Grubhub,64748,0
Ruth Smith,ruthsmith682@slingacademy.com,7937368737,"USNV Woods
FPO AA 79528",female,38,7,413,Baker,Grubhub,63809,0
Jonathan Middleton,jonathanmiddleton724@slingacademy.com,8159802563,"6657 Sabrina Point Suite 915
New Robert, MD 65031",male,33,8,421,Baker,ChowNow,54985,3
Francis Velez,francisvelez579@slingacademy.com,7301211867,"060 Christopher Extensions
Youngmouth, AR 10160",male,44,8,421,Baker,Grubhub,57891,3
Matthew Velez,matthewvelez409@slingacademy.com,8762574476,"206 Larry Divide Apt. 484
North Justin, NH 22202",male,38,8,439,Baker,ChowNow,62496,0
Kim Shaw,kimshaw310@slingacademy.com,7256120343,"Unit 9987 Box 4002
DPO AA 15069",female,33,8,439,Baker,goPuff,54641,3
Gary Jones,garyjones407@slingacademy.com,9041126275,"5624 John Corner
Victorstad, IA 25172",male,39,9,440,Baker,goPuff,64131,0
Nicholas Clayton,nicholasclayton408@slingacademy.com,7235979787,"52017 Miller Summit
Benjaminshire, AZ 90897",male,37,9,454,Baker,Grubhub,56159,3
Anthony Chavez,anthonychavez937@slingacademy.com,7352879092,"USCGC Cervantes
FPO AP 51042",male,44,9,504,Baker,UberEats,63860,0
Carolyn Green,carolyngreen312@slingacademy.com,9731359349,"16623 Jordan Estate Suite 664
East Stephanie, CT 22452",female,47,10,517,Baker,Grubhub,60884,0
Janice Roman,janiceroman109@slingacademy.com,9681438419,"5953 Gill Centers
Masontown, MI 39024",female,45,13,674,Barber,goPuff,80109,0
Erin Taylor,erintaylor360@slingacademy.com,7927732112,"48599 Russell Wall
Greeneburgh, MS 66862",female,45,13,682,Barber,ChowNow,104661,2
Charles Garcia,charlesgarcia241@slingacademy.com,9963204209,"13369 Porter Plains Apt. 971
North Markfurt, AZ 67818",male,38,13,701,Barber,goPuff,83720,0
John Huber,johnhuber951@slingacademy.com,6964051678,"Unit 3189 Box 8193
DPO AA 08720",male,28,14,716,Barber,Grubhub,86840,0
Haley Martinez,haleymartinez861@slingacademy.com,8745348175,"5431 Christopher Dale
Joshuahaven, CT 52230",female,36,14,740,Barber,goPuff,94995,0
Adam Holmes,adamholmes791@slingacademy.com,9781014340,"3854 Harris Lakes
Port Kaylashire, FM 70720",male,28,15,763,Barber,ChowNow,99145,0
Patricia Jones,patriciajones445@slingacademy.com,7028958711,"098 Shelly Dale Apt. 244
Delgadoshire, SD 26738",female,33,15,763,Barber,Grubhub,89349,0
Christy Rodriguez,christyrodriguez571@slingacademy.com,7336440031,"859 Colin Oval
New Michael, MT 06634",female,40,16,799,Barber,goPuff,92058,0
Jose Poole,josepoole425@slingacademy.com,9408880916,"8382 Leslie Burgs
West Robert, NJ 30160",male,31,16,802,Barber,UberEats,93158,0
Lacey Mercado,laceymercado410@slingacademy.com,6490319844,"04225 Lee Manor
Castroville, HI 72528",female,33,17,804,Barber,ChowNow,87610,0
Danielle Garcia,daniellegarcia717@slingacademy.com,6781302151,"0791 Tiffany Well
West Matthew, RI 08141",female,41,2,127,Butcher,UberEats,35609,3
Amanda Cohen,amandacohen517@slingacademy.com,8678504287,"37967 Kathryn Coves
South Stevenberg, AS 79859",female,43,3,153,Butcher,Grubhub,52700,3
Jeremy Rodriguez,jeremyrodriguez468@slingacademy.com,7523525763,"287 Guerrero Roads Suite 079
Ochoatown, CT 50932",male,27,3,154,Butcher,UberEats,47743,3
Jade Wall,jadewall660@slingacademy.com,7017275618,"762 Anita Lake Suite 890
Josefurt, OH 77880",female,26,3,162,Butcher,goPuff,43115,3
Janice Garcia,janicegarcia196@slingacademy.com,8764167113,"7536 Yang Court
New Jennifermouth, LA 34189",female,47,3,168,Butcher,Grubhub,36558,3
Sarah Greer,sarahgreer408@slingacademy.com,9796692675,"998 Burns Divide
Carterhaven, VI 92800",female,42,3,172,Butcher,goPuff,38773,3
Sandra Golden,sandragolden932@slingacademy.com,6361973646,"239 Mitchell Plaza
Allenborough, MS 09082",female,47,4,174,Butcher,UberEats,51554,3
David Fritz,davidfritz381@slingacademy.com,6964259480,"8627 Brian Spur Apt. 855
Gonzalezfort, KS 26516",male,38,4,178,Butcher,ChowNow,43135,3
Hannah Wu,hannahwu194@slingacademy.com,9074893498,"63827 Justin Estate
Lake Susanbury, TN 74666",female,31,4,189,Butcher,UberEats,44576,3
Guy Bennett,guybennett480@slingacademy.com,8646052579,"21120 Anderson Isle
North Michaelside, CA 64898",male,48,4,227,Butcher,Grubhub,49965,3
Regina Wong,reginawong744@slingacademy.com,9180955918,"97722 Carter Lodge
West Mirandaburgh, WV 83151",female,28,4,246,Butcher,Grubhub,51099,3
Desiree Webster,desireewebster750@slingacademy.com,7746860532,"648 Garcia Light Apt. 666
Prestonberg, AK 20231",female,39,6,320,Butcher,goPuff,48147,3
Juan Cruz,juancruz282@slingacademy.com,8619135567,"429 Bonnie Via Suite 513
Wattsburgh, OK 75680",male,26,6,325,Butcher,ChowNow,35489,3
Michelle Edwards,michelleedwards750@slingacademy.com,9275944415,"USNS Kelley
FPO AA 54670",female,30,1,77,Carpenter,UberEats,23818,3
Alexander Griffin,alexandergriffin680@slingacademy.com,6682500036,"45253 Glass Divide Apt. 272
Lake Timothy, AZ 87119",male,46,1,81,Carpenter,ChowNow,29727,3
Laura House,laurahouse693@slingacademy.com,7393624442,"87635 Smith Falls Apt. 959
Brownton, IN 24891",female,24,2,125,Carpenter,UberEats,28924,3
Brittany Hanna,brittanyhanna710@slingacademy.com,9345715630,"62994 Lindsey Estate
Lake Christine, VA 10667",female,42,2,125,Carpenter,UberEats,26172,3
Allen Wright,allenwright784@slingacademy.com,8631172052,"USNV Gonzalez
FPO AE 23095",male,45,2,127,Cashier,ChowNow,33340,3
Ricky Phillips,rickyphillips472@slingacademy.com,7852555679,"2598 Watson Points
Johnsonstad, RI 13310",male,33,2,128,Cashier,goPuff,39408,3
Adrian Cross,adriancross924@slingacademy.com,7925561997,"545 Manning Tunnel
Mcintoshland, KS 74967",male,37,2,145,Cashier,ChowNow,30000,3
Thomas Wood,thomaswood493@slingacademy.com,9197427201,"0943 Ayala Garden
East Ann, UT 95055",male,24,3,150,Cashier,goPuff,38936,3
Jillian Massey,jillianmassey506@slingacademy.com,7641935438,"PSC 9428, Box 6762
APO AA 54022",female,39,4,181,Cashier,ChowNow,34601,3
Kevin Watkins,kevinwatkins979@slingacademy.com,9951733229,"8175 Hicks Stravenue
Michaeltown, FM 63439",male,23,6,309,Chef,ChowNow,55919,3
Allison Sweeney,allisonsweeney527@slingacademy.com,6716703447,"850 Smith Squares Suite 535
North Kimberlyborough, GA 18207",female,34,7,375,Chef,UberEats,57887,3
Joseph Hernandez,josephhernandez496@slingacademy.com,6488627262,"7913 Watson Station Apt. 861
Michaelchester, WY 29884",male,40,7,401,Chef,UberEats,74293,0
Steven Little,stevenlittle308@slingacademy.com,8962784656,"5268 Billy Glen
Lake Katieview, NV 47445",male,45,7,404,Chef,goPuff,64855,0
John Bennett,johnbennett349@slingacademy.com,7744705017,"352 Kramer Pine
Alexisville, LA 73816",male,28,8,426,Chef,goPuff,51766,3
Michele Maxwell,michelemaxwell399@slingacademy.com,9081875004,"Unit 6738 Box 4421
DPO AA 83594",female,39,11,529,Chef,UberEats,64567,0
Emily Thomas,emilythomas235@slingacademy.com,6962800462,"5732 Pedro Cliff
Christopherton, PR 77837",female,39,11,530,Chef,UberEats,56090,3
Mark Rogers,markrogers742@slingacademy.com,6359297458,"3716 Bowen Courts
North Ericfort, NV 79361",male,23,11,568,Chef,ChowNow,51803,3
John Cruz,johncruz574@slingacademy.com,8579510111,"6419 Scott Streets
Christinehaven, VI 84128",male,42,11,580,Chef,goPuff,68180,0
David Yoder,davidyoder542@slingacademy.com,8556875085,"178 Shawna Forge
Elizabethside, NH 45291",male,47,11,584,Chef,goPuff,76803,0
James Reynolds,jamesreynolds483@slingacademy.com,7706976948,"1763 Murphy Trace Apt. 572
Martinezfort, NC 61264",male,28,11,603,Chef,UberEats,76196,0
Stephanie Hicks,stephaniehicks386@slingacademy.com,9777051413,"134 Garcia Shores
New Kennethbury, NH 90734",female,28,12,614,Chef,goPuff,59768,0
Paul Brown,paulbrown927@slingacademy.com,8671831731,"81623 James Ville Apt. 514
South Janice, NH 60175",male,41,12,614,Chef,Grubhub,59149,0
Alexandra Morales,alexandramorales748@slingacademy.com,6046710414,"764 Julia Shores Apt. 728
South Paulahaven, MS 91165",female,37,5,263,Clerk,ChowNow,47327,3
Krystal Carroll,krystalcarroll951@slingacademy.com,7622505972,"PSC 3921, Box 4313
APO AP 10337",female,44,5,277,Clerk,ChowNow,53865,3
Alyssa Walker,alyssawalker255@slingacademy.com,8522413281,"6351 Stevens Viaduct Apt. 798
Angelaview, NJ 85260",female,25,5,299,Clerk,goPuff,42093,3
Eric Harvey,ericharvey127@slingacademy.com,9800517775,"7654 Delgado Ford
Youngview, KS 11812",male,34,7,371,Clerk,UberEats,51880,3
Debbie Rogers,debbierogers865@slingacademy.com,9152397328,"22244 Jonathan Ville
Danielbury, PR 03888",female,30,7,391,Clerk,Grubhub,56742,3
Steve Braun,stevebraun545@slingacademy.com,9389513067,"4596 Steven Keys
North Stephanieland, AS 20567",male,45,8,430,Clerk,ChowNow,45935,3
Ryan Rojas,ryanrojas819@slingacademy.com,9409778390,"Unit 8903 Box 0540
DPO AP 81820",male,30,17,872,Dentist,UberEats,161973,2
Andrew Levine,andrewlevine599@slingacademy.com,6649728346,"88497 Ferrell Forest Suite 741
New Brendahaven, NM 18105",male,41,18,892,Dentist,UberEats,200215,1
Brian Olson,brianolson853@slingacademy.com,6277393149,"630 Jacobs Courts Apt. 366
Carrollshire, MH 92998",male,34,18,895,Dentist,UberEats,237482,1
Jessica Welch,jessicawelch323@slingacademy.com,9343260181,"273 Mary Street
North Caitlin, NC 52482",female,35,19,944,Dentist,UberEats,253417,1
Stephanie Faulkner,stephaniefaulkner908@slingacademy.com,8906489355,"73680 Jesus Flats
New Daniel, NV 98748",female,36,19,945,Dentist,Grubhub,279302,1
Dawn Johnson,dawnjohnson466@slingacademy.com,9659257731,"270 Peck Neck Apt. 401
Port Briana, OK 79184",female,43,19,959,Dentist,goPuff,189910,1
Monique Wright,moniquewright318@slingacademy.com,6590662129,"31084 Clark Stream
Lake Joshua, OK 58898",female,25,19,968,Dentist,goPuff,175484,2
Veronica Stein,veronicastein869@slingacademy.com,8874716586,"17840 Kathleen Island
East Arthur, MA 84556",female,25,20,968,Dentist,ChowNow,181727,1
Breanna Santos,breannasantos355@slingacademy.com,6829434042,"56105 King Brook
Staffordland, RI 22533",female,33,20,970,Dentist,goPuff,269756,1
Jeremy Lee,jeremylee380@slingacademy.com,7175474857,"2665 Olivia Orchard
Seanburgh, DE 90669",male,37,20,997,Dentist,goPuff,156591,2
Robert Moore,robertmoore437@slingacademy.com,8464087821,"7939 Gomez Ridges Suite 313
Campostown, IN 58852",male,29,19,968,Doctor,ChowNow,240799,1
Tiffany Pearson,tiffanypearson871@slingacademy.com,7628678909,"573 Nielsen Radial Apt. 571
Jenniferhaven, GA 27177",female,25,20,969,Doctor,goPuff,161808,2
Audrey Richardson,audreyrichardson371@slingacademy.com,9778156295,"589 Wilson Club
North Lisaside, DE 98079",female,29,20,971,Doctor,goPuff,238441,1
Maureen Bryant,maureenbryant185@slingacademy.com,9815827760,"966 Jackson Islands Apt. 787
Lake Victoria, WV 78909",female,36,20,975,Doctor,UberEats,229568,1
Derrick Roberts,derrickroberts940@slingacademy.com,7240100772,"89453 Kennedy Court Suite 960
Codyville, OK 25772",male,32,20,976,Doctor,ChowNow,125325,2
Jeffrey Sullivan,jeffreysullivan581@slingacademy.com,9559285793,"15667 Andrade Way Suite 492
Juliebury, FL 55720",male,29,20,976,Doctor,Grubhub,220686,1
Amy Harris,amyharris260@slingacademy.com,8392891533,"313 Isaiah Unions Apt. 064
New Brianbury, AR 63079",female,48,20,979,Doctor,goPuff,186033,1
Rhonda Flores,rhondaflores754@slingacademy.com,6818029970,"695 Weeks Pike Suite 709
Elizabethport, PA 64690",female,34,20,983,Doctor,goPuff,203289,1
Steven Black,stevenblack291@slingacademy.com,9125385645,"PSC 3185, Box 4766
APO AP 13991",male,26,20,995,Doctor,ChowNow,128580,2
Robert Shepherd,robertshepherd351@slingacademy.com,7998094111,"9187 Rodney Valleys Suite 169
Hayesshire, VI 66707",male,33,13,695,Engineer,ChowNow,113260,2
Robin Snyder,robinsnyder713@slingacademy.com,8202082638,"693 Wilkerson Stream
Lake Patricia, SD 10979",female,31,15,756,Engineer,ChowNow,141956,2
Elijah Cook,elijahcook838@slingacademy.com,7451559093,"577 Brown Hills Apt. 339
North Donnaville, AS 67858",male,45,16,789,Engineer,Grubhub,116618,2
Dennis Hill,dennishill785@slingacademy.com,8209344020,"739 Fleming Spur
Lake Sarahstad, ID 31128",male,46,16,792,Engineer,UberEats,121683,2
Charles Nunez,charlesnunez365@slingacademy.com,8276894595,"70959 Nichols Point
North Stephanieton, OH 05224",male,24,17,866,Engineer,Grubhub,157336,2
Philip Robinson,philiprobinson217@slingacademy.com,7007637656,"85259 Obrien Ridge
Fergusonborough, IN 93154",male,28,17,870,Engineer,UberEats,136281,2
Rachel Larson,rachellarson869@slingacademy.com,6772392605,"Unit 5924 Box 8258
DPO AP 05066",female,28,18,874,Engineer,UberEats,120165,2
Stephen Sharp,stephensharp521@slingacademy.com,9364569780,"66083 Harris Vista Apt. 790
North Karen, VT 95276",male,40,18,888,Engineer,Grubhub,82435,0
Aimee Jacobs,aimeejacobs870@slingacademy.com,6352199866,"USCGC Johnson
FPO AE 24361",female,30,18,900,Engineer,goPuff,127766,2
Brittany Miller,brittanymiller293@slingacademy.com,8085398666,"629 Green Cliff Apt. 429
Jasonville, SC 85081",female,25,19,957,Engineer,goPuff,153091,2
Sabrina Mclaughlin,sabrinamclaughlin622@slingacademy.com,6171487998,"667 Dan Alley
Barryton, NJ 65271",female,30,19,964,Engineer,UberEats,122069,2
Amber Banks,amberbanks989@slingacademy.com,8065792242,"PSC 7193, Box 9854
APO AP 44618",female,35,3,151,Farmer,Grubhub,43853,3
Casey Todd,caseytodd323@slingacademy.com,7619447402,"USS Kemp
FPO AE 62759",female,33,3,158,Farmer,Grubhub,42324,3
Miranda Williams,mirandawilliams964@slingacademy.com,7333728589,"65122 Wagner Mission Suite 100
Mariastad, MP 24086",female,25,4,203,Farmer,Grubhub,48915,3
Alexander Williams,alexanderwilliams474@slingacademy.com,8176514277,"9030 Monroe Views Suite 657
Jamesberg, MN 17244",male,35,5,269,Farmer,Grubhub,38214,3
Jesus Higgins,jesushiggins236@slingacademy.com,9677688555,"7406 Mejia Row
Buckport, VT 69320",male,47,5,275,Farmer,Grubhub,48249,3
James Keith,jameskeith264@slingacademy.com,6183954407,"81211 Brandon Bridge
Walshtown, KY 49568",male,38,6,307,Firefighter,ChowNow,56960,3
Shawn Johnson,shawnjohnson262@slingacademy.com,8325725629,"8781 Woods Avenue
Lake Ashley, MT 51612",male,30,7,381,Firefighter,UberEats,52547,3
Natalie Page,nataliepage369@slingacademy.com,6442394859,"88542 Matthew Stream
Kellerborough, MT 02570",female,43,10,525,Firefighter,UberEats,68390,0
Zachary Fowler,zacharyfowler352@slingacademy.com,8837300442,"USCGC Robinson
FPO AE 20798",male,46,11,530,Firefighter,Grubhub,60969,0
Brian Bowman,brianbowman229@slingacademy.com,9755392391,"969 Douglas Highway
Bowmantown, TX 16637",male,34,11,560,Firefighter,Grubhub,54717,3
Ryan Martin,ryanmartin765@slingacademy.com,7633344599,"399 Walton Islands Suite 274
Fullerfurt, SC 20576",male,41,11,566,Firefighter,goPuff,62649,0
Jennifer Silva,jennifersilva406@slingacademy.com,7082766410,"431 Isaac Port Suite 452
Georgestad, VI 33955",female,41,11,568,Firefighter,UberEats,62927,0
Joseph Sparks,josephsparks348@slingacademy.com,7575915254,"10888 Ortiz Circle Suite 427
East Karen, CT 17147",male,27,11,592,Hairdresser,goPuff,69899,0
Mary Bishop,marybishop477@slingacademy.com,6450514465,"Unit 2545 Box 4085
DPO AA 82706",female,26,12,615,Hairdresser,UberEats,76119,0
Stacey Welch,staceywelch971@slingacademy.com,7481824654,"54502 Blevins Flat
Lake Amanda, VT 17073",female,32,12,649,Hairdresser,Grubhub,79247,0
Brett Burns,brettburns922@slingacademy.com,9594652793,"843 Kiara Islands Suite 610
New Samantha, ND 05439",male,44,13,678,Hairdresser,UberEats,83058,0
Michael Case,michaelcase653@slingacademy.com,6515729938,"PSC 5637, Box 5890
APO AA 46161",male,30,14,716,Hairdresser,Grubhub,88516,0
Terry Bailey,terrybailey896@slingacademy.com,7954325462,"18136 Benton Port Suite 725
West Albertfurt, WV 58853",male,42,14,729,Hairdresser,goPuff,91091,0
Christopher Mcdonald,christophermcdonald139@slingacademy.com,8568885532,"32114 Juarez Mill Apt. 030
Watsonville, WV 40171",male,30,17,831,Hairdresser,ChowNow,109221,2
Andres Becker,andresbecker461@slingacademy.com,9697597977,"9736 Smith Creek Suite 313
West Timothyville, FM 71441",male,23,1,18,Housewife,Grubhub,15780,3
Chase Mcdaniel,chasemcdaniel808@slingacademy.com,9082369287,"91029 Walker Gardens
Kristinchester, NE 97484",male,47,1,20,Housewife,Grubhub,17500,3
Sherry Parsons,sherryparsons565@slingacademy.com,7585576993,"95024 Ford Key
Daybury, AR 42952",female,46,1,20,Housewife,goPuff,18117,3
Javier Jones,javierjones182@slingacademy.com,6256488975,"12668 Zuniga Fords
Bryantberg, MS 85882",male,46,1,68,Housewife,ChowNow,22671,3
Jill Kane,jillkane542@slingacademy.com,6397901654,"3401 Stanley Inlet
Townsendfurt, NE 31065",female,39,1,70,Housewife,ChowNow,22971,3
Janet Valdez,janetvaldez845@slingacademy.com,9018087572,"USS Clark
FPO AP 07894",female,32,4,183,Janitor,UberEats,51757,3
Karen Ford,karenford599@slingacademy.com,9537699744,"42228 Williams Mews Suite 571
East Elizabeth, DE 41027",female,27,4,220,Janitor,UberEats,41164,3
Jamie Johnson,jamiejohnson278@slingacademy.com,7397127598,"9441 Mark Fork Apt. 552
East Levi, OR 94739",female,30,5,256,Janitor,UberEats,48837,3
Jessica Marshall,jessicamarshall263@slingacademy.com,8589834270,"31825 Beck Spring Suite 630
Courtneyfurt, WA 65448",female,43,5,289,Janitor,UberEats,46993,3
Sharon Warner,sharonwarner980@slingacademy.com,8030453472,"050 Anna Camp
South Jonathan, WY 45473",female,28,6,323,Janitor,ChowNow,42262,3
Zachary Williams,zacharywilliams820@slingacademy.com,6511122704,"9402 Davis Courts Apt. 680
Lake Ashley, KS 09338",male,27,7,348,Janitor,Grubhub,44871,3
Brooke Durham,brookedurham899@slingacademy.com,8862716976,"0566 Jordan Curve Suite 033
Port Thomas, CT 88641",female,37,13,688,Lawyer,goPuff,101780,0
Ryan Murray,ryanmurray936@slingacademy.com,8640193444,"64878 Brown Cape
Zamorastad, NM 42037",male,26,14,722,Lawyer,goPuff,108690,2
Gabrielle Smith,gabriellesmith365@slingacademy.com,8329015743,"57060 Smith Mountains Apt. 084
Lake Victoriamouth, ND 46585",female,41,14,736,Lawyer,goPuff,120784,2
Nicole Bennett,nicolebennett504@slingacademy.com,7434268321,"PSC 6988, Box 5001
APO AE 16379",female,28,15,744,Lawyer,UberEats,115448,2
Heather Ali,heatherali563@slingacademy.com,8028087255,"18051 Courtney Dam
South Joannaside, MA 63768",female,32,16,800,Lawyer,UberEats,96048,0
Sandra Mcmahon,sandramcmahon670@slingacademy.com,6738041703,"3275 Pitts Ways Apt. 980
North Kennethmouth, KS 89901",female,34,16,800,Lawyer,UberEats,94790,0
Bailey Mercado,baileymercado654@slingacademy.com,7191903927,"8868 Jennifer Brooks
Lake Davidburgh, VA 18694",female,24,17,826,Lawyer,goPuff,126502,2
Morgan Cooper,morgancooper145@slingacademy.com,8726566806,"1585 Jorge Square
Franklinhaven, ME 63668",female,48,17,826,Lawyer,UberEats,138708,2
Matthew Stokes,matthewstokes156@slingacademy.com,9536367413,"2927 Guerrero Mall Suite 959
New Christopher, KY 24314",male,35,17,847,Lawyer,goPuff,103584,2
Timothy Mullins,timothymullins109@slingacademy.com,9616584755,"417 Tiffany Station
East Lauraport, TN 51946",male,38,18,907,Lawyer,goPuff,113330,2
Kenneth Rubio,kennethrubio544@slingacademy.com,7505435754,"3597 Carter Heights
Victorstad, RI 07301",male,31,18,909,Lawyer,Grubhub,89533,0
Mary Zamora,maryzamora706@slingacademy.com,7561350407,"173 Patrick Villages Suite 685
Keithborough, IN 16335",female,46,7,386,Librarian,goPuff,55325,3
Larry Cole,larrycole178@slingacademy.com,6460648467,"2201 Jackson Fords Apt. 384
East Megan, MS 16415",male,41,9,444,Librarian,UberEats,63644,0
Jeffrey Diaz,jeffreydiaz916@slingacademy.com,8534289526,"777 Sarah Islands
New Peterside, IN 38052",male,27,9,456,Librarian,UberEats,57551,3
Joseph Brown,josephbrown503@slingacademy.com,8037910491,"3013 Jason Loaf
North Matthew, MN 91073",male,31,9,497,Librarian,goPuff,62460,0
Emily Jones,emilyjones872@slingacademy.com,7041572524,"08013 Robertson Islands
Lake Paulbury, MH 73051",female,23,9,455,Mechanic,Grubhub,82408,0
Tara Davis,taradavis390@slingacademy.com,9289721805,"Unit 5834 Box 4505
DPO AA 10482",female,27,11,561,Mechanic,ChowNow,71193,0
Tiffany Bowers,tiffanybowers561@slingacademy.com,7695371928,"700 Johnson Path Suite 935
New David, PW 75426",female,26,12,610,Mechanic,UberEats,82629,0
Linda Craig,lindacraig125@slingacademy.com,6518680457,"566 Moore Knoll Suite 649
Parkermouth, MS 88971",female,23,12,663,Mechanic,UberEats,88234,0
Christine Smith,christinesmith610@slingacademy.com,9250702309,"8372 Michael Ferry
East Christina, VI 14781",female,46,13,668,Mechanic,goPuff,64560,0
Matthew Williams,matthewwilliams637@slingacademy.com,9291890019,"034 Lynch Squares
North Benjaminside, MH 42764",male,29,13,670,Mechanic,goPuff,70722,0
Brenda Lewis,brendalewis614@slingacademy.com,7644375158,"PSC 5391, Box 3026
APO AP 80877",female,25,13,676,Mechanic,UberEats,58092,3
Adrian West,adrianwest790@slingacademy.com,8555320315,"PSC 6310, Box 3599
APO AP 56395",male,27,13,709,Mechanic,Grubhub,77308,0
Amy Scott,amyscott772@slingacademy.com,7945050170,"19927 Romero Garden Apt. 732
Palmerbury, WY 72270",female,45,14,720,Mechanic,UberEats,84314,0
April Beck,aprilbeck704@slingacademy.com,6249304372,"424 Julia Valley Apt. 358
Port Yolandaport, AS 33830",female,39,15,750,Mechanic,goPuff,69810,0
Anthony Nicholson,anthonynicholson395@slingacademy.com,6130804752,"1367 Kimberly Walk
Douglasmouth, ND 84875",male,38,3,148,Nurse,Grubhub,64736,0
Shari Garcia,sharigarcia531@slingacademy.com,8378209446,"56002 Edwards Green
Wilsonville, AZ 55516",female,46,4,208,Nurse,ChowNow,52614,3
Xavier Miles,xaviermiles470@slingacademy.com,8648825584,"206 Reese Meadows
Heathertown, FM 14554",male,48,5,248,Nurse,Grubhub,50710,3
Rachael Gilbert,rachaelgilbert868@slingacademy.com,8789513163,"USNS Burton
FPO AP 12772",female,46,7,374,Nurse,UberEats,46141,3
Michele Rogers,michelerogers269@slingacademy.com,7613498411,"3834 Patricia Course Suite 762
Bakerton, FL 73948",female,38,9,466,Nurse,goPuff,62825,0
Derek Dixon,derekdixon106@slingacademy.com,9312969819,"28031 Kimberly Course Suite 046
North Nathanmouth, GA 36858",male,27,9,482,Nurse,UberEats,60102,0
Grace Hartman,gracehartman875@slingacademy.com,6182073185,"80376 Jonathan Drive Suite 650
Port Riley, VA 91550",female,42,10,516,Nurse,UberEats,62775,0
Joseph Miller,josephmiller797@slingacademy.com,6973116683,"Unit 0367 Box 9057
DPO AP 31858",male,32,12,610,Officer,ChowNow,100031,0
David Arnold,davidarnold861@slingacademy.com,6671367602,"69335 Bradley Club Apt. 089
Lake David, FL 57220",male,24,12,639,Officer,goPuff,83461,0
Yesenia White,yeseniawhite290@slingacademy.com,8566569011,"Unit 6264 Box 9177
DPO AP 48030",female,45,13,710,Officer,ChowNow,95496,0
Nancy Miller,nancymiller756@slingacademy.com,6993574482,"535 Ryan Circles Suite 141
Christophermouth, UT 15989",female,48,16,784,Officer,goPuff,82243,0
Christopher Doyle,christopherdoyle900@slingacademy.com,9369307657,"914 Jason Wells Suite 141
East Michael, FM 32476",male,23,17,807,Officer,UberEats,81479,0
Taylor Reed,taylorreed229@slingacademy.com,8030706804,"350 Baker Burg
New Rebeccaland, MS 03888",female,42,17,829,Officer,goPuff,91835,0
Katherine Ferguson,katherineferguson577@slingacademy.com,7652975639,"4728 Robert Mount Apt. 574
Jameston, WA 60598",female,30,17,838,Pilot,UberEats,116781,2
Robert Bryan,robertbryan207@slingacademy.com,8384618958,"1631 Moore Streets
Theresaport, WA 23450",male,43,17,869,Pilot,goPuff,154582,2
Zachary Kane,zacharykane481@slingacademy.com,8458282456,"84894 Kimberly Stravenue Apt. 826
Haroldburgh, IA 33839",male,26,19,951,Pilot,UberEats,151908,2
Rebecca Robinson,rebeccarobinson502@slingacademy.com,8699406950,"8204 Tina Shoal
Boyleside, MT 47408",female,23,19,956,Pilot,goPuff,101239,0
Bethany Anderson,bethanyanderson383@slingacademy.com,9707755972,"PSC 4168, Box 6214
APO AE 77833",female,29,19,962,Pilot,ChowNow,147527,2
Mary Williams,marywilliams911@slingacademy.com,8181117001,"932 Newman Island
Butlerburgh, CO 77012",female,35,19,966,Pilot,UberEats,141296,2
Carlos Wallace,carloswallace910@slingacademy.com,7721345755,"851 Olivia Lake
Ryanburgh, FM 94711",male,29,19,967,Pilot,goPuff,146958,2
Rhonda Matthews,rhondamatthews710@slingacademy.com,7247994640,"4872 Walter Hill
Lake Brianchester, PA 15374",female,25,7,337,Police,Grubhub,53378,3
Donald Barker,donaldbarker945@slingacademy.com,8940616104,"864 Jenkins Rue
North Candice, WI 21435",male,34,7,394,Police,UberEats,62436,0
Courtney Lopez,courtneylopez450@slingacademy.com,8995027136,"898 Thomas Passage Apt. 788
South Stephenside, MT 62895",female,26,9,497,Police,goPuff,58434,3
Chelsea Moyer,chelseamoyer490@slingacademy.com,7679317551,"37727 Perkins Ridge
West Jennifer, MA 39031",female,46,10,528,Police,ChowNow,86987,0
Brittany Golden,brittanygolden929@slingacademy.com,9117509709,"63249 Brian Lock
Smithberg, MT 45202",female,38,12,605,Police,Grubhub,84903,0
Russell Berry,russellberry793@slingacademy.com,8523006239,"704 Stephanie Plain
North Aprilburgh, MH 49865",male,45,12,636,Police,ChowNow,78507,0
Joshua Jackson,joshuajackson204@slingacademy.com,7939313716,"401 Macias Camp Apt. 622
Angelabury, WY 31688",male,45,12,652,Police,UberEats,52898,3
Alicia Thompson,aliciathompson284@slingacademy.com,8365957898,"989 Robert Via
Smithberg, PA 77512",female,30,12,657,Police,ChowNow,78793,0
Clifford Gray,cliffordgray485@slingacademy.com,7551973444,"76030 Sarah Ford Apt. 376
South Jeffrey, PW 67909",male,35,12,659,Police,Grubhub,84846,0
Gloria Miller,gloriamiller317@slingacademy.com,8129744808,"433 Roberts Trafficway
Kristamouth, ME 22141",female,41,14,721,Police,goPuff,53795,3
Nicole Mcintyre,nicolemcintyre424@slingacademy.com,7977794826,"63757 Morgan Turnpike Suite 661
Lisabury, KY 98744",female,28,12,654,Politician,ChowNow,93833,0
Vincent Kline,vincentkline747@slingacademy.com,9051204487,"18458 Shaw Radial
Stevenshire, KS 83373",male,42,13,695,Politician,ChowNow,93017,0
Amber Hunter,amberhunter269@slingacademy.com,6637192232,"51581 Tommy Club Apt. 845
Mackhaven, ID 39422",female,34,13,702,Politician,ChowNow,93573,0
Shelby Gomez,shelbygomez681@slingacademy.com,7854173408,"547 Tristan Fall Apt. 910
Kennethshire, IL 94867",female,23,13,705,Politician,goPuff,81628,0
Thomas Mclaughlin,thomasmclaughlin610@slingacademy.com,8379248737,"2987 Natalie Drive
Marymouth, MD 08029",male,37,14,712,Politician,UberEats,89596,0
Nathan Graham,nathangraham770@slingacademy.com,9012913122,"86846 Timothy Shores Suite 490
South Rachel, SD 53603",male,35,14,715,Politician,UberEats,87338,0
Thomas Guzman,thomasguzman176@slingacademy.com,6943448373,"675 Michael Land
Hillburgh, MP 53322",male,45,14,736,Politician,ChowNow,95051,0
Sarah Gilbert,sarahgilbert246@slingacademy.com,8537337127,"807 David Flat
Port Jack, OR 10748",female,33,16,795,Politician,goPuff,84624,0
Jeremy Andrews,jeremyandrews576@slingacademy.com,9484223405,"277 Donna Heights
Greenefurt, MT 57005",male,26,4,181,Receptionist,ChowNow,52677,3
Megan Morris,meganmorris562@slingacademy.com,8302015026,"315 Thompson Fork
Lisaland, RI 73533",female,43,4,200,Receptionist,Grubhub,53430,3
Zachary Davis,zacharydavis304@slingacademy.com,8873378895,"6344 Howard Valley
Lake Robert, PR 95403",male,26,4,214,Receptionist,Grubhub,42184,3
Michael Phelps,michaelphelps198@slingacademy.com,6257741143,"Unit 6446 Box 1372
DPO AE 74670",male,30,4,235,Receptionist,goPuff,42186,3
Christopher Robinson,christopherrobinson595@slingacademy.com,9193004577,"90276 Robinson Heights Apt. 181
South Tonyafort, KY 22133",male,31,5,292,Receptionist,goPuff,47732,3
Aaron Mckee,aaronmckee125@slingacademy.com,8216819998,"Unit 8424 Box 2407
DPO AE 55128",male,42,5,298,Receptionist,Grubhub,53332,3
Andrea Velasquez,andreavelasquez582@slingacademy.com,7214502329,"766 Wright Burgs
Smithbury, CA 69463",female,33,6,309,Receptionist,UberEats,56355,3
Philip Newton,philipnewton546@slingacademy.com,6404041620,"871 Michael Loaf
New Jacob, NH 07446",male,33,7,327,Receptionist,goPuff,40992,3
Kathleen Palmer,kathleenpalmer993@slingacademy.com,7018991603,"514 Davis Streets Apt. 617
Wendyfurt, IA 77863",female,25,7,408,Receptionist,Grubhub,54179,3
Eric Levine,ericlevine958@slingacademy.com,7529293377,"921 Richard Highway
Cassandraport, FL 75204",male,32,7,412,Receptionist,UberEats,44445,3
Michael Lopez,michaellopez745@slingacademy.com,9774572178,"598 Ashley Run
Brownmouth, NH 20431",male,45,8,429,Receptionist,ChowNow,45879,3
Samantha Smith,samanthasmith654@slingacademy.com,9225066195,"Unit 2253 Box 6006
DPO AA 00588",female,48,8,432,Receptionist,UberEats,61595,0
Diane Tanner,dianetanner123@slingacademy.com,6681980308,"8167 Macdonald Forks
North Rodney, FL 94873",female,27,8,439,Receptionist,Grubhub,45160,3
Melissa Gaines,melissagaines325@slingacademy.com,9632877972,"77168 Darrell Island Suite 048
West Kayla, NC 82111",female,29,9,440,Receptionist,goPuff,60770,0
Alicia Jensen,aliciajensen722@slingacademy.com,6350320164,"3664 Karina Branch Suite 037
New Christopher, NV 57102",female,23,13,678,Scientist,UberEats,94885,0
Donna Bird,donnabird513@slingacademy.com,7587865325,"6235 Navarro Glens
New Meghan, MO 39149",female,46,14,736,Scientist,Grubhub,82616,0
Kyle Ruiz,kyleruiz137@slingacademy.com,6085251355,"8429 Angela Landing
Jennamouth, GU 92289",male,35,15,751,Scientist,UberEats,81679,0
Janet Holmes,janetholmes868@slingacademy.com,6590851920,"3914 Sarah Meadows Apt. 706
Fieldsside, NM 45110",female,24,16,803,Scientist,ChowNow,117835,2
Edward Bray,edwardbray855@slingacademy.com,7612904891,"Unit 1424 Box 9536
DPO AE 40851",male,32,17,803,Scientist,ChowNow,109815,2
Brenda Hines,brendahines266@slingacademy.com,7770840755,"081 Johnson Isle
Moranborough, MO 27456",female,23,17,833,Scientist,Grubhub,117213,2
Mark Roberts,markroberts135@slingacademy.com,9152504283,"296 Hanson Ridge
Jamestown, MN 78236",male,41,17,836,Scientist,goPuff,122726,2
Alejandro Bailey,alejandrobailey724@slingacademy.com,9949425386,"04653 Fischer Valley
East Daltonhaven, MO 31850",male,35,17,849,Scientist,ChowNow,135005,2
Mark Rivers,markrivers649@slingacademy.com,8614363309,"60437 Williams Stream Apt. 817
Emilymouth, GA 94269",male,48,18,892,Scientist,Grubhub,113399,2
Christopher Miles,christophermiles280@slingacademy.com,7785442409,"517 Lauren Avenue
South Cassandraville, NC 59177",male,33,2,129,Security Guard,Grubhub,44502,3
Justin Stewart,justinstewart627@slingacademy.com,7554359460,"22057 Wagner Wall
Port Jamesbury, TN 03553",male,48,2,130,Security Guard,goPuff,45615,3
John Miller,johnmiller962@slingacademy.com,9127294150,"95729 Rachael Trail Suite 486
Peterside, RI 27354",male,32,3,173,Security Guard,Grubhub,38958,3
Thomas Hickman,thomashickman353@slingacademy.com,6262211735,"58996 Anthony Trafficway Suite 095
Port Melissa, MT 84143",male,48,4,236,Security Guard,UberEats,36170,3
Patricia Garcia,patriciagarcia552@slingacademy.com,8593452131,"8515 Alexander Village Suite 769
Robertoton, IA 83199",female,26,4,245,Security Guard,ChowNow,42097,3
Cindy Chambers,cindychambers182@slingacademy.com,7133434211,"50797 Anthony Meadows
Port Austinmouth, MO 01360",female,31,5,255,Security Guard,ChowNow,39182,3
Natasha Collins,natashacollins225@slingacademy.com,8392756667,"4494 Brown Ferry Apt. 918
East Susanborough, VT 17641",female,32,5,266,Security Guard,Grubhub,36397,3
Anthony Smith,anthonysmith680@slingacademy.com,8967714768,"Unit 5505 Box 5131
DPO AA 70741",male,26,1,91,Student,goPuff,26097,3
Jacob Robinson,jacobrobinson266@slingacademy.com,8236229902,"538 Evelyn Locks Apt. 855
West Sandra, VI 18998",male,23,2,115,Student,goPuff,30898,3
Joseph Martinez,josephmartinez526@slingacademy.com,8600387446,"744 Cox Valley Apt. 779
South Davidstad, UT 59331",male,27,2,119,Student,goPuff,29035,3
Joseph Cross,josephcross873@slingacademy.com,9782171590,"56076 Hernandez Mount
West Gilbert, FM 02174",male,24,2,121,Student,Grubhub,27162,3
Margaret Nelson,margaretnelson922@slingacademy.com,9547637198,"80490 Martinez Expressway
Port Stephanie, MS 05552",female,25,2,122,Student,UberEats,26315,3
Jay Williams,jaywilliams210@slingacademy.com,8818908015,"64704 Karl Spur
North Aprilland, TN 68283",male,30,1,25,Tailor,Grubhub,29571,3
Craig Moore,craigmoore519@slingacademy.com,8423230589,"823 Gardner Alley
Fuentestown, PA 98888",male,37,1,26,Tailor,ChowNow,23362,3
Matthew Jackson,matthewjackson214@slingacademy.com,8785743213,"054 Lisa Via
Knightshire, NJ 55533",male,39,1,45,Tailor,UberEats,21017,3
Robert Smith,robertsmith696@slingacademy.com,6803259606,"762 Drake Spur
Jamesview, HI 81001",male,41,1,70,Tailor,Grubhub,25408,3
Kristine Green,kristinegreen138@slingacademy.com,9197049571,"94588 James Inlet
New Michaelburgh, KS 54014",female,40,1,86,Tailor,Grubhub,29226,3
Karen Jacobs,karenjacobs432@slingacademy.com,6917487085,"589 Stacey Prairie Suite 695
East Justin, DC 94097",female,29,2,107,Tailor,ChowNow,29107,3
Jessica Obrien,jessicaobrien660@slingacademy.com,6502170008,"50746 Collins Curve Apt. 987
Stevenview, GU 39995",female,28,2,110,Tailor,goPuff,27992,3
Paul Underwood,paulunderwood405@slingacademy.com,9816302670,"68392 Jacob Corner
Heidiburgh, GA 98749",male,38,8,428,Teacher,ChowNow,66023,0
Brian Scott,brianscott271@slingacademy.com,6176971398,"80127 Eugene Villages
East Derek, KS 37501",male,32,9,466,Teacher,Grubhub,65073,0
Bryan Richardson,bryanrichardson932@slingacademy.com,7979106561,"5109 Matthews Burgs
Charleshaven, ND 11065",male,41,10,525,Teacher,goPuff,65129,0
John Summers,johnsummers481@slingacademy.com,6376491535,"421 Gonzalez Pass Suite 637
Westmouth, AS 55772",male,43,11,541,Teacher,UberEats,65568,0
Tracy Wolf,tracywolf621@slingacademy.com,7570494197,"412 Jennifer Drive Apt. 217
Whitneyside, AL 29280",male,29,11,548,Teacher,ChowNow,65720,0
Michael Castro,michaelcastro994@slingacademy.com,8198835616,"729 Norton Inlet Apt. 032
New Christopherborough, VA 79143",male,42,11,573,Teacher,ChowNow,69300,0
April Lyons,aprillyons379@slingacademy.com,8147829052,"USS Buck
FPO AP 96694",female,28,0,16,Unemployed,goPuff,10711,3
Teresa Mitchell,teresamitchell702@slingacademy.com,6022789911,"Unit 3284 Box 9351
DPO AP 58309",female,48,0,17,Unemployed,Grubhub,10849,3
Mark Stewart,markstewart528@slingacademy.com,6660981952,"594 Cheyenne Heights Apt. 511
Rileyland, IL 73967",male,24,6,312,Unkown,UberEats,51219,3
Kayla Mitchell,kaylamitchell165@slingacademy.com,6266987170,"PSC 4278, Box 6545
APO AP 77916",female,29,10,520,Unkown,Grubhub,62497,0
Alan Rodriguez,alanrodriguez981@slingacademy.com,9418510100,"35685 Patrick Road Apt. 014
North Brenda, PW 02471",male,37,12,655,Unkown,goPuff,80386,0
Katelyn Smith,katelynsmith870@slingacademy.com,6146868487,"USS Dominguez
FPO AP 03579",female,47,14,727,Unkown,goPuff,90718,0
Tina Duarte,tinaduarte715@slingacademy.com,6759422747,"8896 Young Crest
Lake Carlosview, AL 61172",female,31,15,749,Unkown,ChowNow,92777,0
Matthew Hansen,matthewhansen734@slingacademy.com,8165568807,"3323 Michael Shoal Suite 641
West Aaron, KY 60136",male,29,17,808,Unkown,UberEats,103840,2
Olivia Williamson,oliviawilliamson172@slingacademy.com,9277511806,"9343 Campbell Island
North Kathryn, NM 51405",female,28,18,903,Unkown,goPuff,138704,2
Anthony Wade,anthonywade160@slingacademy.com,6606105049,"4697 Joanna Road Apt. 702
Mitchellport, OK 75186",male,30,1,65,Waiter,goPuff,20138,3
Jaclyn Barton,jaclynbarton150@slingacademy.com,9839328859,"082 Cohen Falls
Kimberlyland, AZ 84170",female,38,1,78,Waiter,ChowNow,23612,3
Adam Johnson,adamjohnson141@slingacademy.com,7763409130,"78625 Jensen Point Apt. 961
North Jonathanborough, DC 23777",male,33,1,84,Waiter,ChowNow,28558,3
Matthew Hogan,matthewhogan675@slingacademy.com,9428388298,"5955 Jessica Cove
East Ginaburgh, MN 19795",male,36,2,91,Waiter,ChowNow,25721,3
Wendy Goodman,wendygoodman722@slingacademy.com,9405958074,"88990 Brown Islands
Brownport, VA 61502",female,34,2,111,Waiter,ChowNow,27171,3
Tyler Mills,tylermills603@slingacademy.com,6977060381,"359 Rodriguez Ridge
Taramouth, GA 17443",male,32,1,54,Waitress,ChowNow,25899,3
Janet Rivera,janetrivera296@slingacademy.com,6242133774,"9443 Gilbert Circles
West Williamchester, AL 95200",female,27,1,62,Waitress,UberEats,25302,3
James Robbins,jamesrobbins145@slingacademy.com,7568379012,"4793 Travis Course
Amberview, KS 58774",male,28,1,69,Waitress,goPuff,21812,3
Grace Cooper,gracecooper620@slingacademy.com,7959045545,"Unit 5810 Box 7469
DPO AE 27539",female,36,2,99,Waitress,Grubhub,24555,3
Denise Cook,denisecook866@slingacademy.com,6205089412,"143 Danielle Route
New Seanburgh, FM 77823",female,35,2,106,Waitress,ChowNow,19100,3
Wayne Curtis,waynecurtis279@slingacademy.com,7344750601,"4427 Sarah Brooks
Ericaburgh, GU 46009",male,38,2,118,Waitress,ChowNow,19235,3
